url_path,views_total,views_unique
/pwrliang/RayJoin,28,14
/pwrliang/RayJoin/tree/main/src,17,3
/pwrliang/RayJoin/blob/main/src/algo/rt_lsi_custom.cu,12,3
/pwrliang/RayJoin/tree/main/src/algo,10,3
/pwrliang/RayJoin/blob/a942d51cdd759937b374f95d0883b66be368c535/src/util/cta_scheduler.h,6,1
/pwrliang/RayJoin/commits/main,5,2
/pwrliang/RayJoin/blob/main/src/run_overlay.cu,4,2
/pwrliang/RayJoin/commit/3168a63db3d1be9e9b537f658586b46ed0801e70,4,1
/pwrliang/RayJoin/graphs/traffic,3,1
/pwrliang/RayJoin/pulse,3,1
